episode,episode_return,episode_length,success,reached_goal,cliff_hits,risky_visits,epsilon
1,-35.37646658896672,150,0,0,1,0,0.2
2,-45.780701243201314,150,0,0,1,0,0.199
3,-17.864151126651198,150,0,0,1,0,0.19800500000000001
4,31.758411033411008,150,0,0,0,0,0.197014975
5,-23.231847319347427,150,0,0,1,0,0.19602990012500002
6,21.295639083139072,150,0,0,0,0,0.19504975062437502
7,31.15773115773115,150,0,0,0,0,0.19407450187125314
8,-4.252845765345801,150,0,0,1,0,0.19310412936189686
9,14.77559246309246,150,0,0,0,0,0.19213860871508737
10,23.234401709401705,150,0,0,0,0,0.19117791567151193
11,-14.308352758352845,150,0,0,1,0,0.19022202609315436
12,48.13273115773105,150,0,0,0,0,0.18927091596268858
13,17.04069541569542,150,0,0,0,0,0.18832456138287512
14,41.43972416472409,150,0,0,0,0,0.18738293857596075
15,44.490637140637055,150,0,0,0,0,0.18644602388308096
16,10.405205905205857,150,0,0,1,0,0.18551379376366556
17,44.55869269619261,150,0,0,0,0,0.18458622479484724
18,44.899397824397745,150,0,0,0,0,0.183663293670873
19,47.197125097124996,150,0,0,0,0,0.18274497720251864
20,41.85452602952595,150,0,0,0,0,0.18183125231650604
21,2.999834887334819,150,0,0,1,0,0.18092209605492351
22,46.67760295260284,150,0,0,0,0,0.1800174855746489
23,45.51478243978235,150,0,0,0,0,0.17911739814677563
24,31.017346542346516,150,0,0,0,0,0.17822181115604174
25,48.323436285936175,150,0,0,0,0,0.17733070210026153
26,46.58366355866346,150,0,0,0,0,0.17644404858976023
27,47.644269619269515,150,0,0,0,0,0.17556182834681144
28,29.423416860916838,150,0,0,0,0,0.1746840192050774
29,43.7720473970473,150,0,0,0,0,0.173810599109052
30,43.61510295260288,150,0,0,0,0,0.17294154611350673
31,47.81606449106439,150,0,0,0,0,0.1720768383829392
32,50.210936285936164,150,0,0,0,0,0.1712164541910245
33,36.1806332556332,150,0,0,0,0,0.17036037192006936
34,40.66510295260288,150,0,0,0,0,0.16950857006046902
35,27.17725330225327,150,0,0,0,0,0.16866102721016668
36,40.10538073038065,150,0,0,0,0,0.16781772207411585
37,11.7043512043512,150,0,0,1,0,0.16697863346374528
38,50.67760295260283,150,0,0,0,0,0.16614374029642656
39,41.96467560217553,150,0,0,0,0,0.16531302159494443
40,5.8834693084692535,150,0,0,1,0,0.16448645648696972
41,39.3639665889665,150,0,0,0,0,0.16366402420453488
42,47.7750777000776,150,0,0,0,0,0.1628457040835122
43,44.05452602952594,150,0,0,0,0,0.16203147556309463
44,41.41093628593622,150,0,0,0,0,0.16122131818527916
45,29.345872183372155,150,0,0,0,0,0.16041521159435276
46,41.010936285936225,150,0,0,0,0,0.159613135536381
47,48.51396658896649,150,0,0,0,0,0.15881506985869911
48,43.74426961926953,150,0,0,0,0,0.15802099450940563
49,38.155633255633205,150,0,0,0,0,0.1572308895368586
50,48.019269619269515,150,0,0,0,0,0.1564447350891743
51,49.51926961926951,150,0,0,0,0,0.15566251141372844
52,32.46421911421908,150,0,0,0,0,0.1548841988566598
53,48.605380730380624,150,0,0,0,0,0.1541097778623765
54,51.61093628593617,150,0,0,0,0,0.15333922897306462
55,44.6160644910644,150,0,0,0,0,0.1525725328281993
56,53.244269619269495,150,0,0,0,0,0.1518096701640583
57,50.444269619269505,150,0,0,0,0,0.151050621813238
58,48.41093628593619,150,0,0,0,0,0.15029536870417182
59,49.03366355866345,150,0,0,0,0,0.14954389186065095
60,47.40033022533012,150,0,0,0,0,0.1487961724013477
61,50.44426961926951,150,0,0,0,0,0.14805219153934096
62,35.641491841491806,150,0,0,0,0,0.14731193058164427
63,47.54426961926952,150,0,0,0,0,0.14657537092873604
64,35.47760295260293,150,0,0,0,0,0.14584249407409236
65,39.844269619269575,150,0,0,0,0,0.1451132816037219
66,51.61093628593616,150,0,0,0,0,0.1443877151957033
67,47.31093628593619,150,0,0,0,0,0.14366577661972477
68,48.84426961926951,150,0,0,0,0,0.14294744773662615
69,40.68063325563318,150,0,0,0,0,0.14223271049794303
70,48.885936285936175,150,0,0,0,0,0.14152154694545332
71,50.730633255633144,150,0,0,0,0,0.14081393921072605
72,42.98593628593622,150,0,0,0,0,0.1401098695146724
73,44.11093628593619,150,0,0,0,0,0.13940932016709906
74,50.910936285936174,150,0,0,0,0,0.13871227356626356
75,50.977602952602844,150,0,0,0,0,0.13801871219843223
76,45.14426961926952,150,0,0,0,0,0.13732861863744006
77,51.61093628593616,150,0,0,0,0,0.13664197554425286
78,48.41093628593618,150,0,0,0,0,0.1359587656665316
79,40.777602952602884,150,0,0,0,0,0.13527897183819892
80,48.87760295260285,150,0,0,0,0,0.13460257697900793
81,47.73853923853914,150,0,0,0,0,0.13392956409411289
82,37.04426961926958,150,0,0,0,0,0.1332599162736423
83,34.58369269619265,150,0,0,0,0,0.1325936166922741
84,50.21093628593617,150,0,0,0,0,0.13193064860881273
85,51.91093628593617,150,0,0,0,0,0.13127099536576867
86,51.144269619269494,150,0,0,0,0,0.13061464038893983
87,52.07760295260283,150,0,0,0,0,0.12996156718699514
88,41.877602952602885,150,0,0,0,0,0.12931175935106015
89,46.31093628593619,150,0,0,0,0,0.12866520055430486
90,46.59729992229982,150,0,0,0,0,0.12802187455153333
91,52.310936285936165,150,0,0,0,0,0.12738176517877567
92,50.31606449106438,150,0,0,0,0,0.1267448563528818
93,53.01093628593617,150,0,0,0,0,0.12611113207111738
94,51.67760295260284,150,0,0,0,0,0.1254805764107618
95,47.51093628593618,150,0,0,0,0,0.12485317352870799
96,48.48871406371398,150,0,0,0,0,0.12422890766106445
97,43.81884226884218,150,0,0,0,0,0.12360776312275913
98,37.444269619269576,150,0,0,0,0,0.12298972430714533
99,51.377602952602835,150,0,0,0,0,0.1223747756856096
100,52.310936285936165,150,0,0,0,0,0.12176290180718155
101,46.47760295260284,150,0,0,0,0,0.12115408729814564
102,46.77760295260285,150,0,0,0,0,0.12054831686165492
103,41.07760295260289,150,0,0,0,0,0.11994557527734664
104,37.68593628593625,150,0,0,0,0,0.11934584740095991
105,32.14982517482516,150,0,0,0,0,0.11874911816395511
106,42.26699689199681,150,0,0,0,0,0.11815537257313534
107,52.0192696192695,150,0,0,0,0,0.11756459571026966
108,41.183663558663476,150,0,0,0,0,0.1169767727317183
109,52.777602952602834,150,0,0,0,0,0.1163918888680597
110,50.56396658896648,150,0,0,0,0,0.11580992942371941
111,51.14426961926951,150,0,0,0,0,0.11523087977660082
112,49.333663558663446,150,0,0,0,0,0.11465472537771781
113,39.99060800310793,150,0,0,0,0,0.11408145175082922
114,51.01606449106437,150,0,0,0,0,0.11351104449207507
115,39.85538073038067,150,0,0,0,0,0.11294348926961469
116,35.89704739704735,150,0,0,0,0,0.11237877182326661
117,50.977602952602844,150,0,0,0,0,0.11181687796415028
118,36.98593628593624,150,0,0,0,0,0.11125779357432954
119,45.44106449106438,150,0,0,0,0,0.11070150460645789
120,50.27760295260284,150,0,0,0,0,0.1101479970834256
121,46.61093628593618,150,0,0,0,0,0.10959725709800847
122,34.0503302253302,150,0,0,0,0,0.10904927081251842
123,45.247299922299824,150,0,0,0,0,0.10850402445845582
124,47.24426961926951,150,0,0,0,0,0.10796150433616354
125,51.844269619269504,150,0,0,0,0,0.10742169681448273
126,51.21606449106438,150,0,0,0,0,0.10688458833041031
127,35.58038073038071,150,0,0,0,0,0.10635016538875826
128,53.47760295260283,150,0,0,0,0,0.10581841456181447
129,52.77760295260283,150,0,0,0,0,0.1052893224890054
130,52.077602952602824,150,0,0,0,0,0.10476287587656037
131,35.855380730380695,150,0,0,0,0,0.10423906149717757
132,24.646872571872592,150,0,0,0,0,0.10371786618969168
133,53.01093628593617,150,0,0,0,0,0.10319927685874322
134,50.67760295260284,150,0,0,0,0,0.10268328047444951
135,48.999397824397725,150,0,0,0,0,0.10216986407207726
136,49.87760295260284,150,0,0,0,0,0.10165901475171688
137,36.944269619269576,150,0,0,0,0,0.10115071967795829
138,49.352602952602844,150,0,0,0,0,0.10064496607956849
139,52.310936285936165,150,0,0,0,0,0.10014174124917065
140,35.4993978243978,150,0,0,0,0,0.09964103254292479
141,45.21926961926952,150,0,0,0,0,0.09914282738021017
142,34.597299922299904,150,0,0,0,0,0.09864711324330912
143,34.52760295260291,150,0,0,0,0,0.09815387767709258
144,48.92952602952593,150,0,0,0,0,0.09766310828870711
145,53.01093628593617,150,0,0,0,0,0.09717479274726358
146,36.0303807303807,150,0,0,0,0,0.09668891878352726
147,36.91926961926958,150,0,0,0,0,0.09620547418960962
148,32.110936285936276,150,0,0,0,0,0.09572444681866157
149,39.31093628593626,150,0,0,0,0,0.09524582458456826
150,37.44426961926957,150,0,0,0,0,0.09476959546164541
151,34.91926961926959,150,0,0,0,0,0.09429574748433718
152,51.91093628593617,150,0,0,0,0,0.09382426874691549
153,50.7442696192695,150,0,0,0,0,0.09335514740318092
154,52.777602952602834,150,0,0,0,0,0.09288837166616501
155,51.444269619269505,150,0,0,0,0,0.09242392980783419
156,52.77760295260283,150,0,0,0,0,0.09196181015879502
157,52.3442696192695,150,0,0,0,0,0.09150200110800105
158,43.1109362859362,150,0,0,0,0,0.09104449110246104
159,36.71926961926958,150,0,0,0,0,0.09058926864694875
160,43.86674436674427,150,0,0,0,0,0.090136322303714
161,50.31606449106439,150,0,0,0,0,0.08968564069219544
162,48.87760295260285,150,0,0,0,0,0.08923721248873447
163,53.01093628593616,150,0,0,0,0,0.08879102642629079
164,51.1442696192695,150,0,0,0,0,0.08834707129415934
165,38.238714063714,150,0,0,0,0,0.08790533593768854
166,52.07760295260284,150,0,0,0,0,0.0874658092580001
167,51.277602952602834,150,0,0,0,0,0.0870284802117101
168,53.244269619269495,150,0,0,0,0,0.08659333781065155
169,43.988714063713964,150,0,0,0,0,0.0861603711215983
170,35.036897824397805,150,0,0,0,0,0.0857295692659903
171,48.644269619269515,150,0,0,0,0,0.08530092141966035
172,37.51093628593624,150,0,0,0,0,0.08487441681256205
173,31.777602952602898,150,0,0,0,0,0.08445004472849925
174,50.51093628593617,150,0,0,0,0,0.08402779450485676
175,52.07760295260283,150,0,0,0,0,0.08360765553233247
176,52.5442696192695,150,0,0,0,0,0.0831896172546708
177,43.847299922299825,150,0,0,0,0,0.08277366916839746
178,37.744269619269566,150,0,0,0,0,0.08235980082255547
179,36.94426961926957,150,0,0,0,0,0.08194800181844268
180,48.416744366744254,150,0,0,0,0,0.08153826180935046
181,34.68593628593626,150,0,0,0,0,0.08113057050030371
182,34.555380730380705,150,0,0,0,0,0.0807249176478022
183,37.21093628593624,150,0,0,0,0,0.08032129305956318
184,52.5442696192695,150,0,0,0,0,0.07991968659426536
185,52.5442696192695,150,0,0,0,0,0.07952008816129404
186,50.79729992229981,150,0,0,0,0,0.07912248772048756
187,42.81926961926956,150,0,0,0,0,0.07872687528188513
188,53.47760295260282,150,0,0,0,0,0.0783332409054757
189,51.099397824397705,150,0,0,0,0,0.07794157470094833
190,52.310936285936165,150,0,0,0,0,0.07755186682744358
191,36.64426961926958,150,0,0,0,0,0.07716410749330636
192,29.91093628593625,150,0,0,0,0,0.07677828695583983
193,50.444269619269505,150,0,0,0,0,0.07639439552106063
194,45.70452602952594,150,0,0,0,0,0.07601242354345533
195,48.56606449106439,150,0,0,0,0,0.07563236142573805
196,49.98063325563314,150,0,0,0,0,0.07525419961860937
197,42.872299922299824,150,0,0,0,0,0.07487792862051632
198,52.61093628593616,150,0,0,0,0,0.07450353897741373
199,52.155380730380614,150,0,0,0,0,0.07413102128252666
200,52.5442696192695,150,0,0,0,0,0.07376036617611402
201,49.17760295260285,150,0,0,0,0,0.07339156434523345
202,49.91093628593618,150,0,0,0,0,0.07302460652350727
203,52.085936285936164,150,0,0,0,0,0.07265948349088973
204,52.077602952602824,150,0,0,0,0,0.07229618607343528
205,50.97760295260284,150,0,0,0,0,0.0719347051430681
206,53.01093628593616,150,0,0,0,0,0.07157503161735276
207,50.88176961926951,150,0,0,0,0,0.071217156459266
208,48.79704739704728,150,0,0,0,0,0.07086107067696967
209,36.816064491064445,150,0,0,0,0,0.07050676532358482
210,27.08593628593628,150,0,0,0,0,0.0701542314969669
211,31.119094794094757,150,0,0,0,0,0.06980346033948207
212,51.84426961926951,150,0,0,0,0,0.06945444303778466
213,48.89704739704729,150,0,0,0,0,0.06910717082259574
214,52.77760295260283,150,0,0,0,0,0.06876163496848275
215,44.91926961926951,150,0,0,0,0,0.06841782679364034
216,46.388714063713955,150,0,0,0,0,0.06807573765967213
217,38.01926961926957,150,0,0,0,0,0.06773535897137377
218,39.710936285936235,150,0,0,0,0,0.0673966821765169
219,37.84426961926956,150,0,0,0,0,0.0670596987656343
220,49.81093628593618,150,0,0,0,0,0.06672440027180614
221,37.04426961926958,150,0,0,0,0,0.0663907782704471
222,52.310936285936165,150,0,0,0,0,0.06605882437909487
223,53.244269619269495,150,0,0,0,0,0.0657285302571994
224,49.3972999222998,150,0,0,0,0,0.06539988760591339
225,53.01093628593617,150,0,0,0,0,0.06507288816788383
226,51.85260295260283,150,0,0,0,0,0.06474752372704441
227,51.815102952602835,150,0,0,0,0,0.0644237861084092
228,52.31093628593617,150,0,0,0,0,0.06410166717786715
229,48.64426961926951,150,0,0,0,0,0.06378115884197781
230,53.010936285936175,150,0,0,0,0,0.06346225304776792
231,53.01093628593616,150,0,0,0,0,0.06314494178252908
232,50.24982517482506,150,0,0,0,0,0.06282921707361644
233,36.410936285936245,150,0,0,0,0,0.06251507098824835
234,36.49729992229988,150,0,0,0,0,0.062202495633307105
235,48.36699689199679,150,0,0,0,0,0.06189148315514057
236,52.777602952602834,150,0,0,0,0,0.061582025739364867
237,45.31093628593626,150,0,0,0,0,0.06127411561066804
238,51.19729992229981,150,0,0,0,0,0.0609677450326147
239,52.310936285936165,150,0,0,0,0,0.06066290630745162
240,50.4442696192695,150,0,0,0,0,0.060359591775914365
241,51.049397824397715,150,0,0,0,0,0.06005779381703479
242,52.310936285936165,150,0,0,0,0,0.059757504847949616
243,53.47760295260282,150,0,0,0,0,0.059458717323709866
244,53.47760295260283,150,0,0,0,0,0.059161423737091316
245,36.477602952602915,150,0,0,0,0,0.05886561661840586
246,52.54426961926951,150,0,0,0,0,0.05857128853531383
247,53.01093628593617,150,0,0,0,0,0.05827843209263726
248,53.94426961926949,150,0,0,0,0,0.05798703993217407
249,53.01093628593617,150,0,0,0,0,0.0576971047325132
250,40.022047397047345,150,0,0,0,0,0.05740861920885063
251,37.74426961926959,150,0,0,0,0,0.057121576112806376
252,37.14426961926957,150,0,0,0,0,0.056835968232242344
253,44.34426961926952,150,0,0,0,0,0.05655178839108113
254,36.58593628593624,150,0,0,0,0,0.05626902944912573
255,49.72717560217549,150,0,0,0,0,0.0559876843018801
256,53.47760295260283,150,0,0,0,0,0.055707745880370696
257,36.51093628593625,150,0,0,0,0,0.05542920715096884
258,52.07760295260283,150,0,0,0,0,0.055152061115214
259,53.9442696192695,150,0,0,0,0,0.05487630080963793
260,53.244269619269495,150,0,0,0,0,0.05460191930558974
261,38.54426961926956,150,0,0,0,0,0.05432890970906179
262,41.97760295260288,150,0,0,0,0,0.05405726516051648
263,53.47760295260283,150,0,0,0,0,0.0537869788347139
264,51.566064491064374,150,0,0,0,0,0.053518043940540334
265,53.47760295260284,150,0,0,0,0,0.053250453720837636
266,53.710936285936164,150,0,0,0,0,0.05298420145223345
267,47.41093628593618,150,0,0,0,0,0.05271928044497228
268,53.2442696192695,150,0,0,0,0,0.05245568404274742
269,53.71093628593616,150,0,0,0,0,0.05219340562253368
270,36.27760295260291,150,0,0,0,0,0.05193243859442102
271,37.39939782439778,150,0,0,0,0,0.05167277640144891
272,47.01093628593622,150,0,0,0,0,0.05141441251944167
273,51.510936285936175,150,0,0,0,0,0.05115734045684446
274,51.51093628593617,150,0,0,0,0,0.050901553754560236
275,53.01093628593616,150,0,0,0,0,0.05064704598578743
276,52.8442696192695,150,0,0,0,0,0.0503938107558585
277,46.944269619269505,150,0,0,0,0,0.05014184170207921
278,46.477602952602844,150,0,0,0,0,0.04989113249356881
279,36.57760295260291,150,0,0,0,0,0.04964167683110096
280,15.982731157731143,150,0,0,0,0,0.049393468446945456
281,47.97760295260285,150,0,0,0,0,0.04914650110471073
282,52.67760295260283,150,0,0,0,0,0.048900768599187176
283,41.16396658896652,150,0,0,0,0,0.04865626475619124
284,37.444269619269576,150,0,0,0,0,0.04841298343241028
285,24.377602952602945,150,0,0,0,0,0.048170918515248226
286,48.19426961926952,150,0,0,0,0,0.04793006392267198
287,52.07760295260283,150,0,0,0,0,0.047690413603058625
288,36.64426961926958,150,0,0,0,0,0.04745196153504333
289,38.0776029526029,150,0,0,0,0,0.047214701727368115
290,40.877602952602885,150,0,0,0,0,0.04697862821873128
291,52.155380730380614,150,0,0,0,0,0.04674373507763762
292,52.777602952602834,150,0,0,0,0,0.04651001640224943
293,52.77760295260283,150,0,0,0,0,0.04627746632023818
294,53.244269619269495,150,0,0,0,0,0.04604607898863699
295,52.5442696192695,150,0,0,0,0,0.0458158485936938
296,37.67760295260291,150,0,0,0,0,0.04558676935072533
297,41.22229992229985,150,0,0,0,0,0.045358835503971705
298,53.47760295260283,150,0,0,0,0,0.04513204132645185
299,53.47760295260283,150,0,0,0,0,0.04490638111981959
300,53.244269619269495,150,0,0,0,0,0.04468184921422049
301,53.47760295260284,150,0,0,0,0,0.04445843996814939
302,52.54426961926951,150,0,0,0,0,0.04423614776830864
303,51.94939782439771,150,0,0,0,0,0.0440149670294671
304,51.21093628593618,150,0,0,0,0,0.043794892194319764
305,53.47760295260283,150,0,0,0,0,0.043575917733348166
306,53.2442696192695,150,0,0,0,0,0.04335803814468143
307,43.04426961926954,150,0,0,0,0,0.04314124795395802
308,46.07760295260284,150,0,0,0,0,0.04292554171418823
309,39.677602952602896,150,0,0,0,0,0.04271091400561729
310,38.077602952602895,150,0,0,0,0,0.0424973594355892
311,37.34426961926955,150,0,0,0,0,0.042284872638411256
312,38.310936285936236,150,0,0,0,0,0.0420734482752192
313,47.84426961926952,150,0,0,0,0,0.041863081033843105
314,51.97760295260283,150,0,0,0,0,0.04165376562867389
315,53.710936285936164,150,0,0,0,0,0.04144549680053052
316,53.244269619269495,150,0,0,0,0,0.04123826931652787
317,52.33038073038061,150,0,0,0,0,0.04103207796994523
318,52.032731157731035,150,0,0,0,0,0.040826917580095504
319,52.55260295260283,150,0,0,0,0,0.040622782992195024
320,53.01093628593616,150,0,0,0,0,0.04041966907723405
321,36.944269619269576,150,0,0,0,0,0.04021757073184788
322,50.67760295260285,150,0,0,0,0,0.040016482878188646
323,36.84729992229988,150,0,0,0,0,0.0398164004637977
324,46.95260295260285,150,0,0,0,0,0.039617318461478715
325,53.010936285936175,150,0,0,0,0,0.039419231869171324
326,53.710936285936164,150,0,0,0,0,0.03922213570982547
327,37.45538073038068,150,0,0,0,0,0.03902602503127634
328,37.21093628593624,150,0,0,0,0,0.03883089490611996
329,37.61093628593624,150,0,0,0,0,0.038636740431589364
330,23.710936285936288,150,0,0,0,0,0.038443556729431415
331,52.77760295260284,150,0,0,0,0,0.03825133894578426
332,53.01093628593617,150,0,0,0,0,0.03806008225105534
333,48.410936285936174,150,0,0,0,0,0.03786978183980006
334,54.177602952602825,150,0,0,0,0,0.03768043293060106
335,51.93550893550882,150,0,0,0,0,0.03749203076594806
336,52.382731157731044,150,0,0,0,0,0.03730457061211832
337,53.710936285936164,150,0,0,0,0,0.03711804775905773
338,52.38871406371395,150,0,0,0,0,0.03693245752026244
339,53.244269619269495,150,0,0,0,0,0.036747795232661126
340,53.47760295260283,150,0,0,0,0,0.03656405625649782
341,53.9442696192695,150,0,0,0,0,0.03638123597521533
342,48.57760295260284,150,0,0,0,0,0.036199329795339255
343,53.01093628593616,150,0,0,0,0,0.03601833314636256
344,47.410936285936174,150,0,0,0,0,0.03583824148063075
345,37.04426961926958,150,0,0,0,0,0.0356590502732276
346,43.93273115773108,150,0,0,0,0,0.03548075502186146
347,53.9442696192695,150,0,0,0,0,0.03530335124675215
348,53.9442696192695,150,0,0,0,0,0.03512683449051839
349,53.9442696192695,150,0,0,0,0,0.0349512003180658
350,53.9442696192695,150,0,0,0,0,0.03477644431647547
351,52.563714063713945,150,0,0,0,0,0.03460256209489309
352,53.94426961926949,150,0,0,0,0,0.034429549284418624
353,53.244269619269495,150,0,0,0,0,0.03425740153799653
354,53.47760295260283,150,0,0,0,0,0.03408611453030655
355,47.410936285936174,150,0,0,0,0,0.03391568395765502
356,48.87760295260284,150,0,0,0,0,0.03374610553786674
357,52.79704739704728,150,0,0,0,0,0.03357737501017741
358,52.54426961926949,150,0,0,0,0,0.03340948813512652
359,53.710936285936164,150,0,0,0,0,0.03324244069445089
360,43.166064491064404,150,0,0,0,0,0.03307622849097864
361,44.51093628593619,150,0,0,0,0,0.032910847348523745
362,37.84426961926957,150,0,0,0,0,0.03274629311178113
363,36.78273115773112,150,0,0,0,0,0.032582561646222225
364,38.077602952602895,150,0,0,0,0,0.032419648837991116
365,53.2442696192695,150,0,0,0,0,0.032257550593801164
366,53.2442696192695,150,0,0,0,0,0.03209626284083216
367,53.47760295260283,150,0,0,0,0,0.031935781526628
368,53.710936285936164,150,0,0,0,0,0.03177610261899486
369,53.47760295260283,150,0,0,0,0,0.031617222105899886
370,53.2442696192695,150,0,0,0,0,0.03145913599537039
371,53.47760295260283,150,0,0,0,0,0.031301840315393535
372,53.9442696192695,150,0,0,0,0,0.031145331113816566
373,53.244269619269495,150,0,0,0,0,0.030989604458247482
374,53.01093628593616,150,0,0,0,0,0.030834656435956245
375,38.144269619269565,150,0,0,0,0,0.030680483153776465
376,37.44426961926957,150,0,0,0,0,0.030527080738007584
377,41.11093628593621,150,0,0,0,0,0.030374445334317546
378,46.24426961926952,150,0,0,0,0,0.030222573107645957
379,53.710936285936164,150,0,0,0,0,0.030071460242107727
380,53.710936285936164,150,0,0,0,0,0.029921102940897188
381,53.710936285936164,150,0,0,0,0,0.029771497426192704
382,53.9442696192695,150,0,0,0,0,0.02962263993906174
383,52.8442696192695,150,0,0,0,0,0.029474526739366434
384,53.9442696192695,150,0,0,0,0,0.029327154105669603
385,53.71093628593616,150,0,0,0,0,0.029180518335141254
386,37.14426961926957,150,0,0,0,0,0.02903461574346555
387,37.977602952602886,150,0,0,0,0,0.028889442664748223
388,53.9442696192695,150,0,0,0,0,0.028744995451424483
389,51.197299922299806,150,0,0,0,0,0.02860127047416736
390,44.67760295260286,150,0,0,0,0,0.02845826412179652
391,37.21093628593624,150,0,0,0,0,0.028315972801187538
392,52.26606449106437,150,0,0,0,0,0.0281743929371816
393,52.844269619269504,150,0,0,0,0,0.02803352097249569
394,52.777602952602834,150,0,0,0,0,0.02789335336763321
395,37.444269619269576,150,0,0,0,0,0.027753886600795044
396,44.2859362859362,150,0,0,0,0,0.027615117167791067
397,53.244269619269495,150,0,0,0,0,0.027477041581952112
398,52.155380730380614,150,0,0,0,0,0.027339656374042353
399,53.47760295260283,150,0,0,0,0,0.02720295809217214
400,53.47760295260283,150,0,0,0,0,0.02706694330171128
401,54.177602952602825,150,0,0,0,0,0.026931608585202722
402,53.9442696192695,150,0,0,0,0,0.02679695054227671
403,53.71093628593616,150,0,0,0,0,0.026662965789565327
404,53.9442696192695,150,0,0,0,0,0.0265296509606175
405,53.710936285936164,150,0,0,0,0,0.026397002705814413
406,53.710936285936164,150,0,0,0,0,0.026265017692285342
407,53.9442696192695,150,0,0,0,0,0.026133692603823915
408,53.710936285936164,150,0,0,0,0,0.026003024140804794
409,52.152602952602834,150,0,0,0,0,0.02587300902010077
410,50.67760295260283,150,0,0,0,0,0.025743643975000268
411,48.64426961926951,150,0,0,0,0,0.025614925755125268
412,45.77760295260285,150,0,0,0,0,0.02548685112634964
413,52.310936285936165,150,0,0,0,0,0.025359416870717893
414,36.61396658896655,150,0,0,0,0,0.025232619786364305
415,52.563714063713945,150,0,0,0,0,0.02510645668743248
416,54.177602952602825,150,0,0,0,0,0.024980924403995318
417,53.07760295260283,150,0,0,0,0,0.024856019781975342
418,53.9442696192695,150,0,0,0,0,0.024731739683065464
419,54.177602952602825,150,0,0,0,0,0.024608080984650137
420,53.47760295260283,150,0,0,0,0,0.024485040579726884
421,53.9442696192695,150,0,0,0,0,0.02436261537682825
422,53.9442696192695,150,0,0,0,0,0.02424080229994411
423,53.710936285936164,150,0,0,0,0,0.02411959828844439
424,53.710936285936164,150,0,0,0,0,0.023999000297002165
425,53.71093628593616,150,0,0,0,0,0.023879005295517154
426,43.9109362859362,150,0,0,0,0,0.02375961026903957
427,54.177602952602825,150,0,0,0,0,0.02364081221769437
428,52.777602952602834,150,0,0,0,0,0.0235226081566059
429,37.21093628593624,150,0,0,0,0,0.02340499511582287
430,23.48593628593626,150,0,0,0,0,0.023287970140243756
431,53.47760295260283,150,0,0,0,0,0.02317153028954254
432,45.84426961926952,150,0,0,0,0,0.023055672638094826
433,38.0776029526029,150,0,0,0,0,0.022940394274904352
434,52.07760295260284,150,0,0,0,0,0.02282569230352983
435,53.07760295260283,150,0,0,0,0,0.022711563842012183
436,53.9442696192695,150,0,0,0,0,0.02259800602280212
437,53.710936285936164,150,0,0,0,0,0.02248501599268811
438,53.71093628593616,150,0,0,0,0,0.022372590912724668
439,37.61093628593624,150,0,0,0,0,0.022260727958161045
440,53.47760295260283,150,0,0,0,0,0.02214942431837024
441,53.47760295260283,150,0,0,0,0,0.02203867719677839
442,37.61093628593624,150,0,0,0,0,0.021928483810794496
443,53.9442696192695,150,0,0,0,0,0.021818841391740524
444,53.47760295260283,150,0,0,0,0,0.02170974718478182
445,53.01093628593616,150,0,0,0,0,0.02160119844885791
446,53.710936285936164,150,0,0,0,0,0.021493192456613623
447,53.47760295260283,150,0,0,0,0,0.021385726494330556
448,53.9442696192695,150,0,0,0,0,0.021278797861858902
449,53.94426961926949,150,0,0,0,0,0.02117240387254961
450,52.777602952602834,150,0,0,0,0,0.02106654185318686
451,53.01093628593617,150,0,0,0,0,0.020961209143920925
452,37.31926961926957,150,0,0,0,0,0.02085640309820132
453,37.84426961926957,150,0,0,0,0,0.020752121082710316
454,53.9442696192695,150,0,0,0,0,0.020648360477296766
455,53.07760295260283,150,0,0,0,0,0.02054511867491028
456,53.07760295260283,150,0,0,0,0,0.02044239308153573
457,53.01093628593617,150,0,0,0,0,0.02034018111612805
458,53.710936285936164,150,0,0,0,0,0.02023848021054741
459,54.177602952602825,150,0,0,0,0,0.020137287809494673
460,53.9442696192695,150,0,0,0,0,0.0200366013704472
461,50.64106449106438,150,0,0,0,0,0.02
462,54.177602952602825,150,0,0,0,0,0.02
463,53.710936285936164,150,0,0,0,0,0.02
464,54.177602952602825,150,0,0,0,0,0.02
465,53.244269619269495,150,0,0,0,0,0.02
466,53.94426961926949,150,0,0,0,0,0.02
467,53.244269619269495,150,0,0,0,0,0.02
468,53.47760295260283,150,0,0,0,0,0.02
469,53.94426961926949,150,0,0,0,0,0.02
470,53.94426961926949,150,0,0,0,0,0.02
471,53.2442696192695,150,0,0,0,0,0.02
472,53.47760295260283,150,0,0,0,0,0.02
473,52.61093628593616,150,0,0,0,0,0.02
474,53.244269619269495,150,0,0,0,0,0.02
475,37.844269619269575,150,0,0,0,0,0.02
476,27.877602952602953,150,0,0,0,0,0.02
477,51.844269619269504,150,0,0,0,0,0.02
478,53.9442696192695,150,0,0,0,0,0.02
479,53.9442696192695,150,0,0,0,0,0.02
480,53.244269619269495,150,0,0,0,0,0.02
481,53.710936285936164,150,0,0,0,0,0.02
482,37.84426961926957,150,0,0,0,0,0.02
483,47.31093628593619,150,0,0,0,0,0.02
484,53.185936285936165,150,0,0,0,0,0.02
485,54.177602952602825,150,0,0,0,0,0.02
486,53.47760295260283,150,0,0,0,0,0.02
487,53.47760295260283,150,0,0,0,0,0.02
488,53.710936285936164,150,0,0,0,0,0.02
489,53.9442696192695,150,0,0,0,0,0.02
490,52.377602952602835,150,0,0,0,0,0.02
491,45.777602952602855,150,0,0,0,0,0.02
492,45.31093628593619,150,0,0,0,0,0.02
493,37.84426961926957,150,0,0,0,0,0.02
494,37.84426961926957,150,0,0,0,0,0.02
495,52.155380730380614,150,0,0,0,0,0.02
496,53.310936285936165,150,0,0,0,0,0.02
497,53.65260295260283,150,0,0,0,0,0.02
498,53.9442696192695,150,0,0,0,0,0.02
499,53.244269619269495,150,0,0,0,0,0.02
500,53.710936285936164,150,0,0,0,0,0.02
